username,algorithm,hash
alice,sha256,ef92b778bafe771e89245b89ecbc08a44a4e166c06659911881f383d4473e94f
bob,bcrypt,$2b$12$ghkTZSI2fhNdCHWYwxb95e934mJrXcZbid5NcGv0WL7sSqbhcp3ZO
charlie,argon2,"$argon2id$v=19$m=65536,t=3,p=4$sjiEckg0SAeWmhOheAsvzQ$AcxhTwqIS+QNz5nxMlNvo6p2pP56rgDlH8/2joEZors"
david,sha256,a68349561396ec264a350847024a4521d00beaa3358660c2709a80f31c7acdd0
emma,bcrypt,$2b$12$reOh.qpDqwDSMGA23Pr4b.BwKYa8pEkXjHVoWbCSznD77/D1I/isC
frank,argon2,"$argon2id$v=19$m=65536,t=3,p=4$g+n+wCXzfLUWibwLDbHF4Q$RFFVTFvuqDbQew8gTXjlWNSyZSpXzPIMfbrYQoaC69o"
grace,sha256,9b0eb22aef89516d6fb4b31ccf008a68abe0d10a3fc606316389613eccf96854
henry,bcrypt,$2b$12$rNMzKVXh7Tvq0qmQHC9NSOFaStnDx/n0hdOuxgPdXFnIfVj/dTV9S
isabella,argon2,"$argon2id$v=19$m=65536,t=3,p=4$GyXKi415TuXH2Bo1Oxzhbg$0PHC3Z+KVKeIC5TVWG8E1UAD5NynTdIPosY8eYaMFok"
jack,sha256,816a4092660e4e87b5b584c4a51e7b33db2fb1b8f972578ef90c5ed7608e0f19
karen,bcrypt,$2b$12$d6qiBZnwjj6vPLElRbtGXOBa0shjFBSqBWEWXDyJeZDBwGafdv.ry
liam,argon2,"$argon2id$v=19$m=65536,t=3,p=4$f5+AIbruQJ+OXEQ3kjlltA$qiYNTkFcCeEsEmoQcetHRID5JSTKBx8lbS0HrqTZNwM"
mia,sha256,cede333b0ff2c5317c0b7030db6f46ffd24d2d2f2fb96f49ca9769cf4b3e15ad
noah,bcrypt,$2b$12$41fMNzH32anhWrl4jHMizOn9KF9Pg/rb47suQC9k1oPxUHQZrBTaW
olivia,argon2,"$argon2id$v=19$m=65536,t=3,p=4$KviukR3ExLj6VXE+yKN+Uw$mdYZLIu/uinhUw/E2JUgsBXsvt7OPuC7yX/4pqk1tYY"
ethan,sha256,4ebd3d5f714ffedf6d9375713a76f44d4429461c1d89e214e005fac689f6e881
ava,bcrypt,$2b$12$6.xPDIskKtKkLvcfbDvVyukwth8o2m7Bu/4PZR3fpQ93FZhmeM84u
lucas,argon2,"$argon2id$v=19$m=65536,t=3,p=4$af5NBSt+gLQglQ/3GUP3og$Qu9gJo4Y0v8kr/UZWDECUxKndMPU5KCP2KLP+ptW2LI"
sophia,sha256,6684f295e425b294e837372f4fb29160e2bb8c0c07c5d42057cc6b28fd676d05
logan,bcrypt,$2b$12$/00Vgsjitlu4H7nVdEyPpuF1CUhdIr4D.9nrtpu164CvO23EsV03q
amelia,argon2,"$argon2id$v=19$m=65536,t=3,p=4$M458PPUnfvwB2yTvVU/3sw$3goEWO0YQnwt7qOP6shj1lEOL+bliFilf7T1jurLUh0"
james,sha256,b68c880608bd6b6ca760b917c5502eb918ef3da397059f670a3d624dc8d3e40b
harper,bcrypt,$2b$12$SKuLy6rNe/ou8iiS1iA6reyudV.Wflwrnrvcs0ufDxYuNmVV/epJO
benjamin,argon2,"$argon2id$v=19$m=65536,t=3,p=4$akuhj0h9Yox5+ov3Y+q7/Q$tyr/6ex2r1e/nDj6bbMv+6453FpAnJE6wCUKSWNBWLk"
evelyn,sha256,e14cb9e5c0eeee0ea313a4e04fbd10aa17ac17aa33a3cad4bdfe74b87ca18ef8
mason,bcrypt,$2b$12$agNr3AET5a0ysbGz6FEn4uwrMCmEES4n35JvuWI7dHPWPpScD.lue
abigail,argon2,"$argon2id$v=19$m=65536,t=3,p=4$xzB0EgA2v5DtPztlc0UGNQ$0ZAQJW5kSvBIXvK68y11VUu/LWaJpJFe3cvgJPd6xV0"
elijah,sha256,0f289b1a01c1b0324866d20ddbd3f72c3767444e5109253dd2cb1f52c4535dc3
ella,bcrypt,$2b$12$NXHOizDokTXhNEJC7NmSN.MG1QcF0sUQS645H79tgwTgtD3Aha.qW
alexander,argon2,"$argon2id$v=19$m=65536,t=3,p=4$xzkFdILqD8yaf5GPUV6R1Q$yrpAUVLZEVXT/N7WcdVBiABQ57E5OWQiTR7t99zsU6U"
scarlett,sha256,8c5cae7c0dd0a9c66b04106bf9710003c1aa7a4be3c3d42113154949f445266e
daniel,bcrypt,$2b$12$hNzojdCtPOwKlKDtGX6Uz.EDrnIqm.JggZ0BxkoIh4FY/sZAcRC46
victoria,argon2,"$argon2id$v=19$m=65536,t=3,p=4$JN95oKdz8Y2B6DjjjWs2Lw$YsKW1eaeYSFJ/ciQrKV/oiGNE8gebt+rxLmzHLn8nhU"
matthew,sha256,24058087a8e376c2c36a4b83ce2e523b75f1c840a3f9c148390452ab0e01c592
madison,bcrypt,$2b$12$kX.eLsbxpLLAb1PzWS4/GeiOR2bqmEP5QfooYj6QQhzRQiV/7wGFK
jackson,argon2,"$argon2id$v=19$m=65536,t=3,p=4$fsQfGzZioYjZ6O45uzgc9w$+vHZvEm89mer6iZRz0U1MR+mqmKDkd2FNnrAbGqkYzo"
chloe,sha256,07556aa275d7bb8effdd4fef69378877649a02eefd86816ebea6e880d2e3f6a6
sebastian,bcrypt,$2b$12$mTfB1yUTim.XkrHJY9mL6OroHboF3GA0DhlhjXJi5Rtg.rU/X3/iC
layla,argon2,"$argon2id$v=19$m=65536,t=3,p=4$Y98OloZn7zs3oTbn9mpAxA$luvNB2pwr0qIW8YYfuMuhKpeFzGWPnmuWElcQk7Bru4"
aiden,sha256,27ee1080a481ba14a90066fcd22e1ef654539d94ff0b768905b9313abd6313bc
zoey,bcrypt,$2b$12$VeuPSXqY5laLj0Q5ow8iXur8IrPSuMqpHjLnMo/R1Q98/fKT9FHzm
samuel,argon2,"$argon2id$v=19$m=65536,t=3,p=4$WurHr0zACo4utobqSDLvlw$bjkQ7qofQMi/OdOCA9WINK1kRuvDrEIFKQ+zOC0aq50"
nora,sha256,b8b8eb83374c0bf3b1c3224159f6119dbfff1b7ed6dfecdd80d4e8a895790a34
joseph,bcrypt,$2b$12$kqWXMf4KDDAivdzlwFj99.pKOoxXUfhL0PCp9GJ2TNbqe/t1V3.Wa
riley,argon2,"$argon2id$v=19$m=65536,t=3,p=4$h30c9PzkzRqNf6yVyaDcMQ$nfPifToZspL2gWfm12MRcG8q0RZ3OEyDbgU1szYT4NU"
owen,sha256,93a6a178706ce17e1bc5849973ee6cb49f179364211b2cb0773a6f2960da31ea
lily,bcrypt,$2b$12$G//CxPRv.cMN5MajUnUJ8e5mmcFu17Qg/R9TBtlWCBM0Oder3Yk1i
gabriel,argon2,"$argon2id$v=19$m=65536,t=3,p=4$FhwaL5Z4hyrH51RD6nBbZg$6dK2/9IJrjS+hQ3hF//h0ugG7N1+/EznE3Dnf9GRisk"
hannah,sha256,f9530f6d4de580a717b446513681d8a18d3d2ff9f24ea2c571629bece1397cf6
wyatt,bcrypt,$2b$12$dylFRyYIFUZSBL9z5sgn1e40JEqvKDcTX5yhOIe87LOnSvNGc8fJK
